{"cameraMode":{"drawMode":0,"name":"Shaded","section":"Shading Mode"},"sceneLighting":false,"audioPlay":false,"sceneViewState":{"showFog":true,"showMaterialUpdate":true,"showSkybox":false,"showFlares":true,"showImageEffects":true,"showParticleSystems":true},"in2DMode":false,"pivot":{"x":-2.162172555923462,"y":-0.673049807548523,"z":3.0659217834472658},"rotation":{"x":-0.3140154778957367,"y":0.2903047204017639,"z":-0.10148961842060089,"w":-0.8982399702072144},"size":22.026601791381837,"orthographic":false}