{"cameraMode":{"drawMode":0,"name":"Shaded","section":"Shading Mode"},"sceneLighting":false,"audioPlay":false,"sceneViewState":{"showFog":true,"showMaterialUpdate":false,"showSkybox":false,"showFlares":true,"showImageEffects":true,"showParticleSystems":true},"in2DMode":false,"pivot":{"x":3.37747859954834,"y":-4.33785343170166,"z":-0.6551438570022583},"rotation":{"x":-0.24201735854148866,"y":-0.18863549828529359,"z":0.048028167337179187,"w":-0.9505534172058106},"size":33.15358352661133,"orthographic":false}