{"cameraMode":{"drawMode":0,"name":"Shaded","section":"Shading Mode"},"sceneLighting":true,"audioPlay":false,"sceneViewState":{"showFog":true,"showMaterialUpdate":false,"showSkybox":true,"showFlares":true,"showImageEffects":true,"showParticleSystems":true},"in2DMode":false,"pivot":{"x":26.40741729736328,"y":29.446367263793947,"z":-14.944597244262696},"rotation":{"x":-0.016309291124343873,"y":0.9835913777351379,"z":-0.13390754163265229,"w":-0.11979769915342331},"size":11.925186157226563,"orthographic":false}